Perfis,Massa Linear (Kg/m),d (Altura do perfil mm),bf (mm),D (mm),tw Espessura da Alma (mm),h (Distância entre mesas mm),d' (Altura Livre da Alma-mm),Área(cm²),Ix (cm⁴),Wx (cm³),rx (cm),Iy (cm⁴),Wy (cm³),ry (cm),It (cm⁴),Esbeltez da Alma (h/tw),Cw (cm⁶),u (Área de pintura - m²/m),xg,x0,r0,bf/bw,bw/t,D/bw,D/bw_min,Verificação
"50 x 25 x 10 x 1,2","1,05607369006854",50,25,10,"1,2","45,2","45,2","1,34531680263508","5,2362914821161","2,09451659284644","1,97287524618192","1,22623910575024","0,781821851485134","0,95471841123463","0,006457520652648","37,6666666666667","8,13338042575324","114,509733552923","0,931561994051594","2,17043709203176","3,08456174394597","0,5","41,6666666666667","0,2","0,2598",DEVE-SE VERIFICAR A FLAMBAGEM DISTORCIONA
"50 x 25 x 10 x 1,5","1,29686514073209",50,25,10,"1,5",44,44,"1,65205750411731","6,31800291266956","2,52720116506782","1,95558785250146","1,45720687972338","0,928124471123003","0,939178250197517","0,01239043128088","29,3333333333333","9,61904385080631","113,137166941154","0,929944554785634","2,13417971507432","3,04320598887588","0,5","33,3333333333333","0,2","0,2598",DEVE-SE VERIFICAR A FLAMBAGEM DISTORCIONA
50 x 25 x 10 x 2,"1,67753802796816",50,25,10,2,42,42,"2,13699111843077","7,92834686157674","3,17133874463069","1,92614936761449","1,78045691469579","1,131969707858","0,91277634310721","0,02849321491241",21,"11,6785636575285","110,849555921539","0,927116112440057","2,07363656794406","2,973748586349","0,5",25,"0,2","0,2598",DEVE-SE VERIFICAR A FLAMBAGEM DISTORCIONA
"50 x 25 x 10 x 2,25","1,8581965666472",50,25,10,"2,25",41,41,"2,36712938426395","8,64562252625088","3,45824901050035","1,91111638846715","1,91449894660419","1,21604562950126","0,899324795433218","0,039945308359454","18,2222222222222","12,5288949491022","109,705750411731","0,925635601034648","2,04330796676861","2,93875116078391","0,5","22,2222222222222","0,2","0,2598",DEVE-SE VERIFICAR A FLAMBAGEM DISTORCIONA
"50 x 25 x 10 x 2,65","2,1338302003516",50,25,10,"2,65","39,4","39,4","2,71825503229503","9,67491981562824","3,8699679262513","1,88659459907787","2,09273315890203","1,32717579968642","0,877428683323736","0,063629819880973","14,8679245283019","13,6633447426547","107,875661596039","0,923168084140394","1,99469727271693","2,88234929968131","0,5","18,8679245283019","0,2","0,2598",DEVE-SE VERIFICAR A FLAMBAGEM DISTORCIONA
50 x 25 x 10 x 3,"2,36146056292836",50,25,10,3,38,38,"3,00823001646924","10,4591641722179","4,18366566888714","1,86463129871503","2,21386192584557","1,40197953677227","0,857866572417453","0,090246900494077","12,6666666666667","14,4465144160268","106,274333882308","0,920902825056589","1,95207148296771","2,83255503226941","0,5","16,6666666666667","0,2","0,2598",DEVE-SE VERIFICAR A FLAMBAGEM DISTORCIONA
"75 x 40 x 15 x 1,2","1,66837369006854",75,40,15,"1,2","70,2","70,2","2,12531680263508","19,321601470597","5,15242705882585","3,01515555085648","5,13836030197582","2,06118572743178","1,55489275150452","0,010201520652648","58,5","76,9506156639362","179,509733552923","1,50708525020781","3,56397371292026","4,9204433835711","0,533333333333333","62,5","0,2","0,2009",DEVE-SE VERIFICAR A FLAMBAGEM DISTORCIONA
"75 x 40 x 15 x 1,5","2,06224014073209",75,40,15,"1,5",69,69,"2,62705750411731","23,6211796399421","6,29898123731789","2,99858249672456","6,22688694358539","2,49613412882012","1,53957446972875","0,01970293128088",46,"92,8709221110882","178,137166941154","1,50538768262075","3,52754978914404","4,87907717221132","0,533333333333333",50,"0,2","0,2581",DEVE-SE VERIFICAR A FLAMBAGEM DISTORCIONA
75 x 40 x 15 x 2,"2,69803802796816",75,40,15,2,67,67,"3,43699111843077","30,3298643627167","8,08796383005779","2,97061267060803","7,87554526160001","3,15333587256063","1,5137393858897","0,045826548245744","33,5","116,728883087653","175,849555921539","1,50247180132932","3,46676469256928","4,80982369747745","0,533333333333333","37,5","0,2","0,2581",DEVE-SE VERIFICAR A FLAMBAGEM DISTORCIONA
"75 x 40 x 15 x 2,25","3,0062590666472",75,40,15,"2,25",66,66,"3,82962938426395","33,4734229485147","8,92624611960391","2,95645783261171","8,62440333430065","3,45110259698794","1,50067330132386","0,064624995859454","29,3333333333333","127,467122155184","174,705750411731","1,50097161938105","3,43633387151906","4,77504489506293","0,533333333333333","33,3333333333333","0,2","0,2581",DEVE-SE VERIFICAR A FLAMBAGEM DISTORCIONA
"75 x 40 x 15 x 2,65","3,4859927003516",75,40,15,"2,65","64,4","64,4","4,44075503229503","38,2162274081169","10,1909939754978","2,93356353090559","9,72114520652208","3,88614211383126","1,47955225028725","0,10395067404764","24,3018867924528","143,090317640858","172,875661596039","1,49851011059958","3,38758915230479","4,71917684729047","0,533333333333333","28,3018867924528","0,2","0,2581",DEVE-SE VERIFICAR A FLAMBAGEM DISTORCIONA
75 x 40 x 15 x 3,"3,89221056292836",75,40,15,3,63,63,"4,95823001646924","42,0812559867322","11,2216682631286","2,91327184523723","10,5812028137242","4,22621284925609","1,46084515418418","0,148746900494077",21,"155,26644064254","171,274333882308","1,49629202523798","3,344879405838","4,670057777839","0,533333333333333",25,"0,2","0,2581",DEVE-SE VERIFICAR A FLAMBAGEM DISTORCIONA
"100 x 40 x 17 x 1,2","1,94155369006854",100,40,17,"1,2","95,2","95,2","2,47331680263508","38,2913664385124","7,65827328770249","3,93469033311366","6,00997467651957","2,29281364725179","1,55882171509088","0,011871920652648","79,3333333333333","148,492686898667","208,509733552923","1,37877751917465","3,3624296997452","5,40533501669097","0,4","83,3333333333333","0,17","0,1446",DISPENSA-SE A ANÁLISE DA FLAMBAGEM DISTORCIONAL
"100 x 40 x 17 x 1,5","2,40371514073209",100,40,17,"1,5",94,94,"3,06205750411731","46,9698417175812","9,39396834351625","3,91654280276357","7,29542832182922","2,78199210269394","1,54354297764997","0,02296543128088","62,6666666666667","179,896154920604","207,137166941154","1,37762435962176","3,32695326032387","5,36567334508087","0,4","66,6666666666667","0,17","0,1858",DEVE-SE VERIFICAR A FLAMBAGEM DISTORCIONA
100 x 40 x 17 x 2,"3,15333802796816",100,40,17,2,92,92,"4,01699111843078","60,6579123089528","12,1315824617906","3,88591497351465","9,25425392884134","3,52630605939305","1,5178199968846","0,053559881579077",46,"227,565889865908","204,849555921539","1,37565209231039","3,26779752379588","5,29930310331978","0,4",50,"0,17","0,25",DEVE-SE VERIFICAR A FLAMBAGEM DISTORCIONA
"100 x 40 x 17 x 2,25","3,5184715666472",100,40,17,"2,25",91,91,"4,48212938426395","67,1428140903533","13,4285628180707","3,87041536591131","10,1498858965234","3,86609526904961","1,50483327390548","0,075635933359454","40,4444444444444","249,309336861247","203,705750411731","1,37464154652905","3,23820581892954","5,26598663240657","0,4","44,4444444444444","0,17","0,25",DEVE-SE VERIFICAR A FLAMBAGEM DISTORCIONA
"100 x 40 x 17 x 2,65","4,0892652003516",100,40,17,"2,65","89,4","89,4","5,20925503229503","77,0276909418774","15,4055381883755","3,84534782753608","11,470169350049","4,36624422928652","1,48387427242541","0,121939978214306","33,7358490566038","281,342098049113","201,875661596039","1,37298951966247","3,19083901403582","5,2124885021068","0,4","37,7358490566038","0,17","0,25",DEVE-SE VERIFICAR A FLAMBAGEM DISTORCIONA
100 x 40 x 17 x 3,"4,57516056292836",100,40,17,3,88,88,"5,82823001646924","85,187429202713","17,0374858405426","3,82313306932094","12,5146197327046","4,76113924472679","1,46534702599981","0,174846900494077","29,3333333333333","306,709343969984","200,274333882308","1,37150730330663","3,1493719595953","5,1654750132226","0,4","33,3333333333333","0,17","0,25",DEVE-SE VERIFICAR A FLAMBAGEM DISTORCIONA
"100 x 40 x 17 x 3,35","5,04841012971817",100,40,17,"3,35","86,6","86,6","6,43109570664734","92,8965808693559","18,5793161738712","3,8006456333017","13,4587408662917","5,11737163112849","1,44663753506728","0,240576571892833","25,8507462686567","329,714057642082","198,673006168577","1,36998955002145","3,10788431177112","5,11826262350359","0,4","29,8507462686567","0,17","0,25",DEVE-SE VERIFICAR A FLAMBAGEM DISTORCIONA
"100 x 50 x 17 x 1,2","2,12995369006854",100,50,17,"1,2","95,2","95,2","2,71331680263508","44,1482304385124","8,82964608770249","4,03372603531619","10,1164281809514","3,14935665426764","1,93091585772345","0,013023920652648","79,3333333333333","246,608774145169","228,509733552923","1,78777944465488","4,28117672165015","6,19094951518704","0,5","83,3333333333333","0,17","0,1418",DISPENSA-SE A ANÁLISE DA FLAMBAGEM DISTORCIONAL
"100 x 50 x 17 x 1,5","2,63921514073209",100,50,17,"1,5",94,94,"3,36205750411731","54,2465292175813","10,8493058435163","4,01682960866767","12,3337804233883","3,83743167816063","1,91533849622315","0,02521543128088","62,6666666666667","299,848239643495","227,137166941154","1,78592833493777","4,24467771966327","6,14985614498334","0,5","66,6666666666667","0,17","0,1859",DEVE-SE VERIFICAR A FLAMBAGEM DISTORCIONA
100 x 50 x 17 x 2,"3,46733802796816",100,50,17,2,92,92,"4,41699111843078","70,2619123089528","14,0523824617906","3,98838174570304","15,7632333659079","4,89962848358192","1,88911931991883","0,05889321491241",46,"381,649419946557","224,849555921539","1,78276966942929","4,18378360252475","6,08111881047417","0,5",50,"0,17","0,2598",DEVE-SE VERIFICAR A FLAMBAGEM DISTORCIONA
"100 x 50 x 17 x 2,25","3,8717215666472",100,50,17,"2,25",91,91,"4,93212938426395","77,8922594028533","15,5784518805707","3,97401882741632","17,3558960972929","5,39196359430021","1,87588534388805","0,083229683359454","40,4444444444444","419,429874968604","223,705750411731","1,78115480682405","4,15330633049349","6,04662922122654","0,5","44,4444444444444","0,17","0,2598",DEVE-SE VERIFICAR A FLAMBAGEM DISTORCIONA
"100 x 50 x 17 x 2,65","4,5053152003516",100,50,17,"2,65","89,4","89,4","5,73925503229503","89,5847457543774","17,9169491508755","3,95083844248266","19,7389594777981","6,12729543980413","1,85453214689477","0,134346394880973","33,7358490566038","475,742381694572","221,875661596039","1,77852003845451","4,10449930147934","5,99127101693032","0,5","37,7358490566038","0,17","0,2598",DEVE-SE VERIFICAR A FLAMBAGEM DISTORCIONA
100 x 50 x 17 x 3,"5,04616056292836",100,50,17,3,88,88,"6,42823001646924","99,300929202713","19,8601858405426","3,93034751779213","21,6609088714172","6,71898088600097","1,83566164386289","0,192846900494077","29,3333333333333","521,002151077217","220,274333882308","1,77616155799047","4,06174795974577","5,94264938978089","0,5","33,3333333333333","0,17","0,2598",DEVE-SE VERIFICAR A FLAMBAGEM DISTORCIONA
"100 x 50 x 17 x 3,35","5,57436012971817",100,50,17,"3,35","86,6","86,6","7,10109570664734","108,543128556856","21,7086257113712","3,90965544096647","23,4341452519706","7,26359048811556","1,8166107328474","0,265640155226166","25,8507462686567","562,67810929701","218,673006168577","1,77375186688832","4,01895295823086","5,8938495995612","0,5","29,8507462686567","0,17","0,2598",DEVE-SE VERIFICAR A FLAMBAGEM DISTORCIONA
125 x 50 x 17 x 2,"3,85983802796816",125,50,17,2,117,117,"4,91699111843078","118,344106300285","18,9350570080456","4,90595550773305","17,0351143016417","5,02755723742502","1,86132758665087","0,065559881579077","58,5","594,417188963552","249,849555921539","1,61165184260206","3,86941005504754","6,51960689020333","0,4","62,5","0,136","0,1994",DEVE-SE VERIFICAR A FLAMBAGEM DISTORCIONA
"125 x 50 x 17 x 2,25","4,3132840666472",125,50,17,"2,25",116,116,"5,49462938426395","131,404849195517","21,0247758712827","4,89031116765203","18,7617869039639","5,5349894187974","1,84785503356067","0,092721870859454","51,5555555555556","654,384205697632","248,705750411731","1,61033012271949","3,83958238324333","6,48630128958178","0,4","55,5555555555556","0,136","0,2256",DEVE-SE VERIFICAR A FLAMBAGEM DISTORCIONA
"125 x 50 x 17 x 2,65","5,0253777003516",125,50,17,"2,65","114,4","114,4","6,40175503229503","151,52170464346","24,2434727429536","4,86505660902207","21,3481689885725","6,29401210310814","1,82612621147655","0,149854415714306","43,1698113207547","744,302376919848","246,875661596039","1,6081779572635","3,79183468780765","6,43284719614047","0,4","47,1698113207547","0,136","0,25",DEVE-SE VERIFICAR A FLAMBAGEM DISTORCIONA
125 x 50 x 17 x 3,"5,63491056292836",125,50,17,3,113,113,"7,17823001646924","168,34384162016","26,9350146592256","4,84272637925883","23,4369895170939","6,90593914114788","1,80693374106475","0,215346900494077","37,6666666666667","817,109488597397","245,274333882308","1,60625600109209","3,75003100758288","6,38590172855805","0,4","41,6666666666667","0,136","0,25",DEVE-SE VERIFICAR A FLAMBAGEM DISTORCIONA
"125 x 50 x 17 x 3,35","6,23179762971817",125,50,17,"3,35","111,6","111,6","7,93859570664734","184,4457904104","29,511326465664","4,82017195366129","25,3669758297973","7,47031577947988","1,78756772630662","0,296969634392833","33,3134328358209","884,652979898246","243,673006168577","1,60429671534401","3,70820365218328","6,3387877677882","0,4","37,3134328358209","0,136","0,25",DEVE-SE VERIFICAR A FLAMBAGEM DISTORCIONA
"125 x 50 x 17 x 3,75","6,89846962957556",125,50,17,"3,75",110,110,"8,78785940073319","201,97582716678","32,3161323466848","4,79411169032328","27,3828339182392","8,0585396754059","1,76521515034619","0,411930909409368","29,3333333333333","955,658063815365","241,842917352885","1,60201041116548","3,66037086797912","6,28472802255247","0,4","33,3333333333333","0,136","0,25",DEVE-SE VERIFICAR A FLAMBAGEM DISTORCIONA
150 x 60 x 20 x 2,"4,66053802796816",150,60,20,2,142,142,"5,93699111843078","207,585744336714","27,6780992448951","5,91310462270942","30,0189896809798","7,36731310901354","2,24861361620201","0,079159881579077",71,"1498,56903870655","300,849555921539","1,92538158256731","4,66449581473132","7,85993579361323","0,4",75,"0,133333333333333","0,1627",DEVE-SE VERIFICAR A FLAMBAGEM DISTORCIONA
"150 x 60 x 20 x 2,25","5,2140715666472",150,60,20,"2,25",141,141,"6,64212938426395","231,022510514005","30,8030014018673","5,89757515470354","33,1848240837076","8,14162807685294","2,2351984845179","0,112085933359454","62,6666666666667","1655,83541057179","299,705750411731","1,92405551193701","4,63466072004059","7,82672249159601","0,4","66,6666666666667","0,133333333333333","0,1858",DEVE-SE VERIFICAR A FLAMBAGEM DISTORCIONA
"150 x 60 x 20 x 2,65","6,0863052003516",150,60,20,"2,65","139,4","139,4","7,75325503229503","267,384959586865","35,6513279449153","5,87254633937095","37,9908852341581","9,31583614134193","2,21359248523852","0,181490778214306","52,6037735849057","1894,61031686545","297,875661596039","1,92190280531431","4,58690512524579","7,77344780819745","0,4","56,6037735849057","0,133333333333333","0,2214",DEVE-SE VERIFICAR A FLAMBAGEM DISTORCIONA
150 x 60 x 20 x 3,"6,83596056292836",150,60,20,3,138,138,"8,70823001646924","298,064090239074","39,7418786985432","5,85045822329436","41,9389043014973","10,2791109291486","2,19454046920213","0,261246900494077",46,"2090,94304507172","296,274333882308","1,91998718657948","4,54509880145514","7,72669349776911","0,4",50,"0,133333333333333","0,25",DEVE-SE VERIFICAR A FLAMBAGEM DISTORCIONA
"150 x 60 x 20 x 3,35","7,57297012971817",150,60,20,"3,35","136,6","136,6","9,64709570664734","327,690600154817","43,6920800206423","5,82818995893606","45,6513804722063","11,1836938881562","2,17534760456966","0,360881771892833","40,7761194029851","2275,90217496822","294,673006168577","1,91804095062436","4,5032730616046","7,67980492366335","0,4","44,7761194029851","0,133333333333333","0,25",DEVE-SE VERIFICAR A FLAMBAGEM DISTORCIONA
"150 x 60 x 20 x 3,75","8,39978212957556",150,60,20,"3,75",135,135,"10,7003594007332","360,272187091195","48,0362916121593","5,80251384748642","49,6113925941414","12,1470859105653","2,15323547597152","0,501579346909369",36,"2473,81471847899","292,842917352885","1,91577824019583","4,45544769880038","7,62604774191714","0,4",40,"0,133333333333333","0,25",DEVE-SE VERIFICAR A FLAMBAGEM DISTORCIONA
"150 x 60 x 20 x 4,25","9,41007015754372",150,60,20,"4,25",133,133,"11,987350519164","399,103055528484","53,2137407371312","5,77006790356702","54,1466983498732","13,248164379417","2,12532028727062","0,721738395841331","31,2941176470588","2701,76294347109","290,55530633327","1,91289051077912","4,3956278990367","7,5585854868519","0,4","35,2941176470588","0,133333333333333","0,25",DEVE-SE VERIFICAR A FLAMBAGEM DISTORCIONA
"150 x 60 x 20 x 4,75","10,3945504390079",150,60,20,"4,75",131,131,"13,2414655273986","435,851727810582","58,1135637080776","5,73721808667265","58,2330163008907","14,2376738735201","2,09708781023134","0,995868553206435","27,578947368421","2909,03151261785","288,267695313654","1,90993466923025","4,33576404853004","7,49081427765969","0,4","31,5789473684211","0,133333333333333","0,25",DEVE-SE VERIFICAR A FLAMBAGEM DISTORCIONA
200 x 75 x 20 x 2,"5,91653802796816",200,75,20,2,192,192,"7,53699111843078","467,416618544859","46,7416618544859","7,87504552109425","56,3002089921659","10,6233022427346","2,7331030181386","0,10049321491241",96,"4615,38530087042","380,849555921539","2,20030996899572","5,41849132309837","9,94214475279641","0,375",100,"0,1","0,12",DEVE-SE VERIFICAR A FLAMBAGEM DISTORCIONA
"200 x 75 x 20 x 2,25","6,6270715666472",200,75,20,"2,25",191,191,"8,44212938426395","521,396692197206","52,1396692197206","7,85883433454503","62,4167090507931","11,7741851476053","2,71909531346882","0,142460933359454","84,8888888888889","5118,18438720336","379,705750411731","2,19885106541852","5,38869944363757","9,90922994563209","0,375","88,8888888888889","0,1","0,1349",DEVE-SE VERIFICAR A FLAMBAGEM DISTORCIONA
"200 x 75 x 25 x 2,65","7,9585302003516",200,75,25,"2,65","189,4","189,4","10,138255032295","621,66312579989","62,166312579989","7,83061636981251","78,6929630909956","15,2259445347737","2,78603355834571","0,237319653214306","71,4716981132076","6862,48739735943","387,875661596039","2,33165310951496","5,67336879009269","10,0631828537398","0,375","75,4716981132076","0,125","0,1615",DEVE-SE VERIFICAR A FLAMBAGEM DISTORCIONA
200 x 75 x 25 x 3,"8,95546056292836",200,75,25,3,188,188,"11,4082300164693","695,5379360813","69,55379360813","7,80820625299739","87,3510639532023","16,8956672805179","2,76710070546858","0,342246900494077","62,6666666666667","7616,7267649676","386,274333882308","2,32997253065434","5,63195538466962","10,0171778789468","0,375","66,6666666666667","0,125","0,1858",DEVE-SE VERIFICAR A FLAMBAGEM DISTORCIONA
"200 x 75 x 25 x 3,35","9,93974512971817",200,75,25,"3,35","186,6","186,6","12,6620957066473","767,53070170302","76,753070170302","7,78565369357561","95,6221457246244","18,4893977874044","2,74806149224924","0,473667896892833","55,7014925373134","8338,10002442716","384,673006168577","2,32827148703755","5,59053130811197","9,97107244525135","0,375","59,7014925373134","0,125","0,2094",DEVE-SE VERIFICAR A FLAMBAGEM DISTORCIONA
"200 x 75 x 25 x 3,75","11,0491571295756",200,75,25,"3,75",185,185,"14,0753594007332","847,519101540649","84,7519101540649","7,75970124929595","104,60805851901","20,2192042142078","2,72616931032668","0,659782471909369","49,3333333333333","9123,29595310383","382,842917352885","2,32630189542754","5,54317609185423","9,918254068746","0,375","53,3333333333333","0,125","0,235",DEVE-SE VERIFICAR A FLAMBAGEM DISTORCIONA
"200 x 75 x 25 x 4,25","12,4126951575437",200,75,25,"4,25",183,183,"15,812350519164","944,097411398966","94,4097411398966","7,72698709534359","115,152475688037","22,2465307183327","2,69859942327676","0,952035270841331","43,0588235294118","10047,6413497752","380,55530633327","2,32380074691183","5,48396133665603","9,85203534102747","0,375","47,0588235294118","0,125","0,25",DEVE-SE VERIFICAR A FLAMBAGEM DISTORCIONA
"200 x 75 x 25 x 4,75","13,7504254390079",200,75,25,"4,75",181,181,"17,5164655273986","1036,92273277502","103,692273277502","7,69396060912355","124,947560291366","24,1269960861914","2,67079559285716","1,31738417820644","38,1052631578947","10910,5564997281","378,267695313654","2,32125500228032","5,42472275084805","9,78559123799571","0,375","42,1052631578947","0,125","0,25",DEVE-SE VERIFICAR A FLAMBAGEM DISTORCIONA
"200 x 75 x 30 x 6,3","17,4528422517134",200,75,30,6,176,176,"22,232920065877","1284,34519364341","128,434519364341","7,60050815145226","160,195857386478","31,7001541503802","2,68427735303057","2,66795040790524","29,3333333333333","14938,0427095442","382,548667764616","2,44652749552775","5,5990883342894","9,81442098360676","0,375","33,3333333333333","0,15","0,25",DEVE-SE VERIFICAR A FLAMBAGEM DISTORCIONA
"200 x 100 x 25 x 2,65","8,9986552003516",200,100,25,"2,65","189,4","189,4","11,463255032295","750,67513783114","75,067513783114","8,09230119625257","157,202201428343","23,5056234120575","3,70318436741137","0,268335694880973","71,4716981132076","13447,2918045169","437,875661596039","3,31214498451874","7,88676532394486","11,8911723721797","0,5","75,4716981132076","0,125","0,1595",DEVE-SE VERIFICAR A FLAMBAGEM DISTORCIONA
200 x 100 x 25 x 3,"10,1329605629284",200,100,25,3,188,188,"12,9082300164693","841,0716860813","84,10716860813","8,0720372750545","175,165945433563","26,1801911113658","3,68376138349795","0,387246900494077","62,6666666666667","14970,3344739273","436,274333882308","3,30921822959816","7,84345145978173","11,84261856611","0,5","66,6666666666667","0,125","0,1859",DEVE-SE VERIFICAR A FLAMBAGEM DISTORCIONA
"200 x 100 x 25 x 3,35","11,2546201297182",200,100,25,"3,35","186,6","186,6","14,3370957066473","929,46644592177","92,946644592177","8,05167554375147","192,49870103934","28,7580188360452","3,66423492212746","0,536326855226166","55,7014925373134","16438,1212005098","434,673006168577","3,30625999875685","7,80011049751258","11,7939739019463","0,5","59,7014925373134","0,125","0,2126",DEVE-SE VERIFICAR A FLAMBAGEM DISTORCIONA
"200 x 100 x 25 x 3,75","12,5210321295756",200,100,25,"3,75",185,185,"15,9503594007332","1028,0537695094","102,80537695094","8,02828309559664","211,543751759466","31,5870832847312","3,64178971089949","0,747673096909369","49,3333333333333","18049,3959299375","432,842917352885","3,30283996617934","7,75054418812115","11,7382663529788","0,5","53,3333333333333","0,125","0,2422",DEVE-SE VERIFICAR A FLAMBAGEM DISTORCIONA
"200 x 100 x 25 x 4,25","14,0808201575437",200,100,25,"4,25",183,183,"17,937350519164","1147,66211843022","114,766211843022","7,99885595467038","234,219356056893","34,9503141484772","3,61353481942176","1,07997797917466","43,0588235294118","19966,6523702116","430,55530633327","3,29850498447959","7,68853458015928","11,668457244428","0,5","47,0588235294118","0,125","0,2598",DEVE-SE VERIFICAR A FLAMBAGEM DISTORCIONA
"200 x 100 x 25 x 4,75","15,6148004390079",200,100,25,"4,75",181,181,"19,8914655273986","1263,27544761877","126,327544761877","7,96921671165447","255,657249409785","38,1242373554862","3,58505370016458","1,4960039698731","38,1052631578947","21779,3161532415","428,267695313655","3,29410193767469","7,62646615954535","11,5984486511372","0,5","42,1052631578947","0,125","0,2598",DEVE-SE VERIFICAR A FLAMBAGEM DISTORCIONA
250 x 85 x 25 x 2,"7,17253802796816",250,85,25,2,242,242,"9,13699111843077","871,507859733389","69,7206287786711","9,76638977028205","88,9816388535111","14,6670033696714","3,12067540928962","0,121826548245744",121,"11477,0586745969","460,849555921539","2,43320935362243","6,09159975921892","11,9259620904031","0,34",125,"0,1","0,1",DISPENSA-SE A ANÁLISE DA FLAMBAGEM DISTORCIONAL
"250 x 85 x 25 x 2,25","8,0400715666472",250,85,25,"2,25",241,241,"10,242129384264","973,584597339957","77,8867677871966","9,74971045629223","98,8654868905087","16,293305801254","3,10689964779679","0,172835933359454","107,111111111111","12755,8442589955","459,705750411731","2,43214071493708","6,06237891083723","11,8937848249234","0,34","111,111111111111","0,1","0,1096",DEVE-SE VERIFICAR A FLAMBAGEM DISTORCIONA
"250 x 85 x 25 x 2,65","9,4147052003516",250,85,25,"2,65","239,4","239,4","11,993255032295","1133,77613117385","90,7020904939082","9,72288435937887","114,124407448769","18,8026698167198","3,08475540150157","0,280742111547639","90,3396226415094","14733,4589589909","457,875661596039","2,43041474635231","6,01561994710507","11,8422075433998","0,34","94,3396226415094","0,1","0,1269",DEVE-SE VERIFICAR A FLAMBAGEM DISTORCIONA
250 x 85 x 25 x 3,"10,6039605629284",250,85,25,3,238,238,"13,5082300164692","1270,79773012939","101,663818410351","9,69926871864852","126,921986549365","20,9058877865531","3,06527333241581","0,405246900494077","79,3333333333333","16396,102135032","456,274333882308","2,42888798384336","5,97470003776568","11,7969807501856","0,34","83,3333333333333","0,1","0,1446",DEVE-SE VERIFICAR A FLAMBAGEM DISTORCIONA
"250 x 85 x 25 x 3,35","11,7805701297182",250,85,25,"3,35","236,6","236,6","15,0070957066473","1404,89882484706","112,391905987765","9,67551740476602","139,209283231788","22,9239592057529","3,04569052727865","0,561390438559499","70,6268656716418","17996,842249709","454,673006168577","2,42734553476032","5,93377453597556","11,7516615030249","0,34","74,6268656716418","0,1","0,1636",DEVE-SE VERIFICAR A FLAMBAGEM DISTORCIONA
"250 x 85 x 25 x 3,75","13,1097821295756",250,85,25,"3,75",235,235,"16,7003594007332","1554,60036396802","124,368029117441","9,6482039162846","152,635335660589","25,1274877133779","3,02318437486474","0,782829346909369","62,6666666666667","19752,0876728834","452,842917352885","2,42556321580347","5,88699547931811","11,6997520635331","0,34","66,6666666666667","0,1","0,1858",DEVE-SE VERIFICAR A FLAMBAGEM DISTORCIONA
"250 x 85 x 25 x 4,25","14,7480701575437",250,85,25,"4,25",233,233,"18,787350519164","1736,42482004025","138,91398560322","9,61380310583214","168,507096842314","27,7300589391152","2,99485864664392","1,131155062508","54,8235294117647","21837,6188947586","450,55530633327","2,42330549270408","5,82851071342369","11,6346863132437","0,34","58,8235294117647","0,1","0,2127",DEVE-SE VERIFICAR A FLAMBAGEM DISTORCIONA
"250 x 85 x 25 x 4,75","16,3605504390079",250,85,25,"4,75",231,231,"20,8414655273986","1912,39843067569","152,991874454056","9,57910783198947","183,384300664398","30,1669223679709","2,96631282552353","1,56745188653977","48,6315789473684","23805,9090496831","448,267695313654","2,42101393614147","5,77001331920121","11,5694153845174","0,34","52,6315789473684","0,1","0,2381",DEVE-SE VERIFICAR A FLAMBAGEM DISTORCIONA
"250 x 85 x 25 x 6,3","20,2788422517134",250,85,25,6,226,226,"25,832920065877","2327,02124632256","186,161699705805","9,49103170568652","216,348349643445","35,555142265613","2,89394346905598","3,09995040790524","37,6666666666667","28236,6092747445","442,548667764616","2,41513193711263","5,62371113013822","11,4052934427694","0,34","41,6666666666667","0,1","0,25",DEVE-SE VERIFICAR A FLAMBAGEM DISTORCIONA
"250 x 100 x 25 x 2,65","10,0387802003516",250,100,25,"2,65","239,4","239,4","12,788255032295","1255,3754008926","100,430032071408","9,90788969339706","169,210177378079","24,1132873738829","3,63753847815717","0,299351736547639","90,3396226415094","21574,5870131462","487,875661596039","2,98269975576408","7,28994928924819","12,8273662533042","0,4","94,3396226415094","0,1","0,1269",DEVE-SE VERIFICAR A FLAMBAGEM DISTORCIONA
250 x 100 x 25 x 3,"11,3104605629284",250,100,25,3,238,238,"14,4082300164693","1408,06798012939","112,645438410351","9,88567878377966","188,578347847408","26,8642408129533","3,61776703144334","0,432246900494077","79,3333333333333","24048,0307083276","486,274333882308","2,98032097164347","7,24773807610527","12,7806334166072","0,4","83,3333333333333","0,1","0,1446",DEVE-SE VERIFICAR A FLAMBAGEM DISTORCIONA
"250 x 100 x 25 x 3,35","12,5694951297182",250,100,25,"3,35","236,6","236,6","16,0120957066473","1557,74983387831","124,619986710265","9,86335735550698","207,274264000796","29,5174994839462","3,59789597218779","0,598985813559499","70,6268656716418","26438,8457387949","484,673006168577","2,97791928094968","7,20551074601616","12,7338155656533","0,4","74,6268656716418","0,1","0,1636",DEVE-SE VERIFICAR A FLAMBAGEM DISTORCIONA
"250 x 100 x 25 x 3,75","13,9929071295756",250,100,25,"3,75",235,235,"17,8253594007332","1725,14772724927","138,011818179941","9,83770958262274","227,827123718835","32,4315813873952","3,57506190331767","0,835563721909369","62,6666666666667","29072,0154606904","482,842917352885","2,97514601593304","7,15723083787542","12,680203102128","0,4","66,6666666666667","0,1","0,1858",DEVE-SE VERIFICAR A FLAMBAGEM DISTORCIONA
"250 x 100 x 25 x 4,25","15,7489451575437",250,100,25,"4,25",233,233,"20,062350519164","1928,927706759","154,31421654072","9,80543959617653","252,313109238118","35,8992659501026","3,54632881422764","1,207920687508","54,8235294117647","32218,0319476423","480,55530633327","2,97163597749284","7,09685015746278","12,6130240581063","0,4","58,8235294117647","0,1","0,2127",DEVE-SE VERIFICAR A FLAMBAGEM DISTORCIONA
"250 x 100 x 25 x 4,75","17,4791754390079",250,100,25,"4,75",231,231,"22,2664655273986","2126,67412208194","170,133929766556","9,77293096376851","275,479678773326","39,1755807367081","3,51737879953484","1,67462376153977","48,6315789473684","35206,5333335167","478,267695313655","2,96807670510939","7,03643443948832","12,545658327215","0,4","52,6315789473684","0,1","0,2381",DEVE-SE VERIFICAR A FLAMBAGEM DISTORCIONA
300 x 85 x 25 x 2,"7,95753802796816",300,85,25,2,292,292,"10,1369911184308","1339,0755119023","89,271700793487","11,49338622492","93,8884749832779","14,9101308482198","3,04334795571065","0,135159881579077",146,"17055,0173457485","510,849555921539","2,20304151324815","5,64485411187857","13,1614692051876","0,283333333333333",150,"0,083333333333333","0,0846",DEVE-SE VERIFICAR A FLAMBAGEM DISTORCIONA
"300 x 85 x 25 x 2,25","8,9231965666472",300,85,25,"2,25",291,291,"11,367129384264","1496,83015816101","99,7886772107338","11,4752157790868","104,319716577962","16,5654345389212","3,02940820667828","0,191820308359454","129,333333333333","18966,4360768123","509,705750411731","2,20256685190735","5,61666503219521","13,1303014947555","0,283333333333333","133,333333333333","0,083333333333333","0,0947",DEVE-SE VERIFICAR A FLAMBAGEM DISTORCIONA
"300 x 85 x 25 x 2,65","10,4548302003516",300,85,25,"2,65","289,4","289,4","13,318255032295","1744,834429639","116,322295309267","11,4459922538284","120,424884651276","19,1205269022167","3,00700711713686","0,311758153214306","109,207547169811","21927,5473996142","507,875661596039","2,20180093534376","5,57156909884257","13,0803368725881","0,283333333333333","113,207547169811","0,083333333333333","0,108",DEVE-SE VERIFICAR A FLAMBAGEM DISTORCIONA
300 x 85 x 25 x 3,"11,7814605629284",300,85,25,3,288,288,"15,0082300164692","1957,41089938335","130,49405995889","11,4202671307035","133,93340982486","21,2630655151237","2,98730609052141","0,450246900494077",96,"24422,1872922577","506,274333882308","2,20112415213143","5,53211682402627","13,0365185371619","0,283333333333333",100,"0,083333333333333","0,12",DEVE-SE VERIFICAR A FLAMBAGEM DISTORCIONA
"300 x 85 x 25 x 3,35","13,0954451297182",300,85,25,"3,35","286,6","286,6","16,6820957066473","2165,8739566367","144,391597109113","11,3943953847132","146,904455835786","23,3198003993589","2,96750992516928","0,624049396892833","85,5522388059702","26828,703031208","504,673006168577","2,2004411135601","5,49267078057176","12,9926053446912","0,283333333333333","89,5522388059701","0,083333333333333","0,1338",DEVE-SE VERIFICAR A FLAMBAGEM DISTORCIONA
"300 x 85 x 25 x 3,75","14,5816571295756",300,85,25,"3,75",285,285,"18,5753594007332","2399,10350171705","159,940233447803","11,3646451444906","161,079070039242","25,5666970484196","2,94476704415203","0,870719971909369",76,"29473,258295531","502,842917352885","2,19965272658484","5,44759722838321","12,9422999411699","0,283333333333333",80,"0,083333333333333","0,1513",DEVE-SE VERIFICAR A FLAMBAGEM DISTORCIONA
"300 x 85 x 25 x 4,25","16,4161951575437",300,85,25,"4,25",283,283,"20,912350519164","2683,15847735858","178,877231823905","11,3271783172529","177,837978743637","28,2222271240799","2,916156531203","1,25909777084133","66,5882352941177","32623,957967273","500,55530633327","2,19865539095244","5,39126676420003","12,8792350265104","0,283333333333333","70,5882352941177","0,083333333333333","0,1742",DEVE-SE VERIFICAR A FLAMBAGEM DISTORCIONA
"300 x 85 x 25 x 4,75","18,2249254390079",300,85,25,"4,75",281,281,"23,2164655273986","2958,94861173135","197,26324078209","11,2893947661513","193,549308110117","30,7106307100341","2,88733888580489","1,74607167820644","59,1578947368421","35606,8875537957","498,267695313654","2,19764463851018","5,33494906820939","12,8159604239352","0,283333333333333","63,1578947368421","0,083333333333333","0,1972",DEVE-SE VERIFICAR A FLAMBAGEM DISTORCIONA
"300 x 85 x 25 x 6,3","22,6338422517134",300,85,25,6,276,276,"28,832920065877","3612,60534582518","240,840356388345","11,193501096439","228,373237990999","36,2213024146326","2,81435119458246","3,45995040790524",46,"42360,7505031689","492,548667764616","2,19505725175852","5,1942107823754","12,6568110159776","0,283333333333333",50,"0,083333333333333","0,25",DEVE-SE VERIFICAR A FLAMBAGEM DISTORCIONA
"300 x 100 x 25 x 2,65","11,0789052003516",300,100,25,"2,65","289,4","289,4","14,113255032295","1920,56326185775","128,037550790517","11,6654289742542","178,963454734615","24,5664022273673","3,56097219565506","0,330367778214306","109,207547169811","32115,6724046355","537,875661596039","2,71511338623092","6,78813818739367","13,9585664085805","0,333333333333333","113,207547169811","0,083333333333333","0,108",DEVE-SE VERIFICAR A FLAMBAGEM DISTORCIONA
300 x 100 x 25 x 3,"12,4879605629284",300,100,25,3,288,288,"15,9082300164693","2155,88114938335","143,72540995889","11,6412998763066","199,461417507082","27,373908699172","3,54093960699312","0,477246900494077",96,"35827,3534743571","536,274333882308","2,7134476957938","6,74718391101611","13,9133966679435","0,333333333333333",100,"0,083333333333333","0,12",DEVE-SE VERIFICAR A FLAMBAGEM DISTORCIONA
"300 x 100 x 25 x 3,35","13,8843701297182",300,100,25,"3,35","286,6","286,6","17,6870957066473","2386,97702816795","159,131801877863","11,6170499528423","219,251281811492","30,0829153496977","3,52081177178772","0,661644771892833","85,5522388059702","39422,0557668982","534,673006168578","2,71176748454019","6,7062237793581","13,8681434416442","0,333333333333333","89,5522388059701","0,083333333333333","0,1338",DEVE-SE VERIFICAR A FLAMBAGEM DISTORCIONA
"300 x 100 x 25 x 3,75","15,4647821295756",300,100,25,"3,75",285,285,"19,7003594007332","2645,9399274983","176,395995166553","11,5891855257626","241,010925583794","33,0597091318587","3,49768980127373","0,923454346909368",76,"43389,6569333112","532,842917352885","2,7098292177187","6,65940485380886","13,8163210770238","0,333333333333333",80,"0,083333333333333","0,1513",DEVE-SE VERIFICAR A FLAMBAGEM DISTORCIONA
"300 x 100 x 25 x 4,25","17,4170701575437",300,100,25,"4,25",283,283,"22,187350519164","2961,96292657733","197,464195105155","11,5541256714317","266,940993389429","36,6042593570816","3,46860554407213","1,33586339584133","66,5882352941177","48142,6032853342","530,55530633327","2,70737892043197","6,6008698681994","13,7513827475097","0,333333333333333","70,5882352941177","0,083333333333333","0,1742",DEVE-SE VERIFICAR A FLAMBAGEM DISTORCIONA
"300 x 100 x 25 x 4,75","19,3435504390079",300,100,25,"4,75",281,281,"24,6414655273986","3269,5008656376","217,96672437584","11,5188059376115","291,481047276175","39,9557168563796","3,4393145253526","1,85324355320644","59,1578947368421","52671,4291025759","528,267695313655","2,70489756637577","6,54232190015456","13,6862613769392","0,333333333333333","63,1578947368421","0,083333333333333","0,1972",DEVE-SE VERIFICAR A FLAMBAGEM DISTORCIONA
